<?xml version="1.0" encoding="UTF-8"?>
<!DOCTYPE mapper
  PUBLIC "-//mybatis.org//DTD Mapper 3.0//EN"
  "http://mybatis.org/dtd/mybatis-3-mapper.dtd">

<mapper namespace="Admin.model.QnA">
<delete id="deletedata">
delete QnA where qna_no = #{qna_no}
</delete>
<insert id="insertdata">
insert into QnA values(QnA_seq.nextval, #{qna_category},#{qna_qustion},#{qna_answer})
</insert>
	<select id="GetDataList" resultType="MyQnA">
			select * from QnA
			order by qna_no desc
	</select>

	<select id="getOneData" resultType="MyQnA">
	select * from QnA where qna_no=#{qna_no}
	</select>
	
	<update id="getupdate">
	update QnA set qna_category=#{qna_category}, qna_qustion=#{qna_qustion}, qna_answer=#{qna_answer}
	  where qna_no=#{qna_no}
	</update>
	
	
</mapper>











