<?xml version="1.0" encoding="UTF-8"?>
<beans xmlns="http://www.springframework.org/schema/beans"
	xmlns:xsi="http://www.w3.org/2001/XMLSchema-instance" 
	xmlns:p="http://www.springframework.org/schema/p"
	xmlns:mvc="http://www.springframework.org/schema/mvc" 
	xmlns:context="http://www.springframework.org/schema/context"
	xsi:schemaLocation="http://www.springframework.org/schema/beans
	http://www.springframework.org/schema/beans/spring-beans-3.0.xsd
	http://www.springframework.org/schema/mvc
	http://www.springframework.org/schema/mvc/spring-mvc-3.0.xsd
	http://www.springframework.org/schema/context
	http://www.springframework.org/schema/context/spring-context-3.0.xsd">
		
	<mvc:annotation-driven/>	
	
	<context:component-scan base-package="Admin"/>	
	<context:component-scan base-package="Cart"/>	
	<context:component-scan base-package="Music"/>	
	<context:component-scan base-package="Boarder"/>	
	<context:component-scan base-package="Order"/>	
	<context:component-scan base-package="Customer"/>	
	
	<bean id="internalResourceViewResolver"
		class="org.springframework.web.servlet.view.InternalResourceViewResolver">
	<property name="prefix" value="/WEB-INF/admin/" />
		<property name="suffix" value=".jsp" />
	</bean>
	
</beans>




