<?xml version="1.0" encoding="UTF-8"?>
<!DOCTYPE configuration
  PUBLIC "-//mybatis.org//DTD Config 3.0//EN" 
  "http://mybatis.org/dtd/mybatis-3-config.dtd">

<configuration>
	<typeAliases>
		<typeAlias type="Admin.model.Notice" alias="MyNotice" />
		<typeAlias type="Music.model.Music" alias="MyMusic" />
		<typeAlias type="Admin.model.QnA" alias="MyQnA" />
		<typeAlias type="Music.model.Dj" alias="MyDj" />
		<typeAlias type="Login.model.Customer" alias="MyCustomer" />
		<typeAlias type="Boarder.model.Boarder" alias="MyBoarder" />
		<typeAlias type="Music.model.Djmusic" alias="MyDjmusic	" />
		<typeAlias type="Boarder.model.Recontent"
			alias="MyRecontent" />
	</typeAliases>

	<mappers>
		<mapper resource="Pudding/mybatis/Notice.xml" />
		<mapper resource="Pudding/mybatis/Customer.xml" />
		<mapper resource="Pudding/mybatis/Pudding.xml" />
		<mapper resource="Pudding/mybatis/Music.xml" />
		<mapper resource="Pudding/mybatis/Dj.xml" />
		<mapper resource="Pudding/mybatis/QnA.xml" />
		<mapper resource="Pudding/mybatis/Boarder.xml" />
		<mapper resource="Pudding/mybatis/Recontent.xml" />
		<mapper resource="Pudding/mybatis/Djmusic.xml" />
	</mappers>
</configuration>


