<?xml version="1.0" encoding="UTF-8" ?>
<!DOCTYPE mapper PUBLIC "-//mybatis.org//DTD Mapper 3.0//EN"
	"http://mybatis.org/dtd/mybatis-3-mapper.dtd">

<mapper namespace="member.model.Member">
	<insert id="InsertData">
		insert into members(id,name,password,gender,hobby,address1,address2,mpoint)
		values(#{id},#{name},#{password},#{gender},#{hobby},
		#{address1},#{address2},#{mpoint})
	</insert>
	
	<select id="GetTotalCount" resultType="int">
		select count(*) from members
		<if test="whatColumn=='name'">
			where name like #{keyword}
		</if>
		
		<if test="whatColumn=='gender'">
			where gender like #{keyword}
		</if>
	</select>
	
	<select id="GetDataList" resultType="MyMember">
		select * from members
		<if test="whatColumn=='name'">
			where name like #{keyword}
		</if>
		
		<if test="whatColumn=='gender'">
			where gender like #{keyword}
		</if>
		order by id desc
	</select>
	
	<delete id="DeleteData">
		delete from members
		where id=#{id}
	</delete>
	
	<select id="GetData" resultType="MyMember">
		select * from members
		where id=#{id}
	</select>
	<update id="updatepoint">
	update members set mpoint=mpoint+#{mpoint} where id=#{id}
	</update>
</mapper>



